{
  "posts": [
    {
      "title": "Stay Healthy When Exercising Outdoors",
      "abstract": "Cold weather workouts do bring unique risks, but a little planning and preparation can help whether you’re going for a winter walk, trekking in snowshoes or sledding with the kids.",
      "url": "https://www.nytimes.com/2021/02/06/at-home/exercise-outdoors-cold-weather.html",
      "byline": "By Kelly DiNardo",
      "published_date": "2021-02-06T23:40:05-05:00",
      "thumbnail": "https://static01.nyt.com/images/2021/02/07/multimedia/07ah-OUTDOOREXERCISE/07ah-OUTDOOREXERCISE-mediumThreeByTwo210.jpg",
      "caption": ""
    },
    {
      "title": "4 Skiers Killed in Avalanche in Utah, Officials Say",
      "abstract": "It was the third such deadly episode in days and the deadliest avalanche in the United States since May 2014, according to the authorities.",
      "url": "https://www.nytimes.com/2021/02/06/us/avalanche-salt-lake-city.html",
      "byline": "By Michael Levenson",
      "published_date": "2021-02-06T20:22:39-05:00",
      "thumbnail": "https://static01.nyt.com/images/2021/02/06/lens/06xp-avalanche-photo2/06xp-avalanche-photo2-mediumThreeByTwo210.jpg",
      "caption": "A helicopter returning to Millcreek Canyon after rescuing one of the four avalanche survivors on Saturday."
    },
    {
      "title": "Stay Healthy When Exercising Outdoors",
      "abstract": "Cold weather workouts do bring unique risks, but a little planning and preparation can help whether you’re going for a winter walk, trekking in snowshoes or sledding with the kids.",
      "url": "https://www.nytimes.com/2021/02/06/at-home/exercise-outdoors-cold-weather.html",
      "byline": "By Kelly DiNardo",
      "published_date": "2021-02-06T23:40:05-05:00",
      "thumbnail": "https://static01.nyt.com/images/2021/02/07/multimedia/07ah-OUTDOOREXERCISE/07ah-OUTDOOREXERCISE-mediumThreeByTwo210.jpg",
      "caption": ""
    },
    {
      "title": "4 Skiers Killed in Avalanche in Utah, Officials Say",
      "abstract": "It was the third such deadly episode in days and the deadliest avalanche in the United States since May 2014, according to the authorities.",
      "url": "https://www.nytimes.com/2021/02/06/us/avalanche-salt-lake-city.html",
      "byline": "By Michael Levenson",
      "published_date": "2021-02-06T20:22:39-05:00",
      "thumbnail": "https://static01.nyt.com/images/2021/02/06/lens/06xp-avalanche-photo2/06xp-avalanche-photo2-mediumThreeByTwo210.jpg",
      "caption": "A helicopter returning to Millcreek Canyon after rescuing one of the four avalanche survivors on Saturday."
    }
  ]
}
